Date,Clicks,Impressions,CTR,Position
2026-06-25,7,78,8.97%,7.6
2026-06-26,1,51,1.96%,15.7
2026-06-27,6,82,7.32%,8.2
2026-06-28,9,102,8.82%,6.2
2026-06-29,4,130,3.08%,6.5
2026-06-30,12,123,9.76%,10.7
2026-07-01,2,131,1.53%,5.7
2026-07-02,1,107,0.93%,6.5
2026-07-03,4,62,6.45%,9.5
2026-07-04,2,97,2.06%,6.4
2026-07-05,5,120,4.17%,4.9
2026-07-06,5,132,3.79%,6.2
2026-07-07,9,155,5.81%,6.9
2026-07-08,7,159,4.4%,6.6
2026-07-09,8,124,6.45%,6.8
2026-07-10,1,108,0.93%,10.5
2026-07-11,6,145,4.14%,7.7
2026-07-12,6,177,3.39%,7.6
2026-07-13,5,127,3.94%,7.4
2026-07-14,9,152,5.92%,6.8
2026-07-15,7,183,3.83%,6.3
2026-07-16,0,114,0%,7.8
2026-07-17,2,86,2.33%,6.7
2026-07-18,5,122,4.1%,7.2
2026-07-19,2,129,1.55%,6.4
2026-07-20,6,174,3.45%,6.8
2026-07-21,11,215,5.12%,6.5
2026-07-22,6,221,2.71%,6
2026-07-23,5,202,2.48%,5.5
2026-07-24,5,156,3.21%,7.1
2026-07-25,3,168,1.79%,5.8
2026-07-26,3,172,1.74%,6.1
2026-07-27,7,252,2.78%,7.2
2026-07-28,6,201,2.99%,6.9
2026-07-29,6,180,3.33%,6.6
2026-07-30,11,162,6.79%,5.2
2026-07-31,1,109,0.92%,5.8
2026-08-01,4,131,3.05%,7.8
2026-08-02,5,157,3.18%,5.8
2026-08-03,6,204,2.94%,7.6
2026-08-04,8,202,3.96%,5.9
2026-08-05,11,177,6.21%,6.2
2026-08-06,8,141,5.67%,6.7
2026-08-07,3,95,3.16%,6.2
2026-08-08,5,113,4.42%,7.6
2026-08-09,5,169,2.96%,7
2026-08-10,5,233,2.15%,6.6
2026-08-11,7,201,3.48%,8.3
2026-08-12,6,167,3.59%,8.4
2026-08-13,2,158,1.27%,7.2
2026-08-14,0,78,0%,6.8
2026-08-15,5,129,3.88%,6.5
2026-08-16,7,126,5.56%,5.6
2026-08-17,2,189,1.06%,6.1
2026-08-18,12,207,5.8%,7.3
2026-08-19,6,221,2.71%,5.7
2026-08-20,4,140,2.86%,5.2
2026-08-21,2,82,2.44%,9.5
2026-08-22,6,153,3.92%,9.9
2026-08-23,4,184,2.17%,7.7
2026-08-24,11,211,5.21%,5
2026-08-25,9,191,4.71%,7.6
2026-08-26,11,214,5.14%,7.7
2026-08-27,6,161,3.73%,5.8
2026-08-28,3,132,2.27%,5.6
2026-08-29,13,168,7.74%,6.9
2026-08-30,7,173,4.05%,6.8
2026-08-31,7,211,3.32%,5.5
2026-09-01,6,205,2.93%,7.4
2026-09-02,11,182,6.04%,6.1
2026-09-03,2,151,1.32%,5.3
2026-09-04,2,79,2.53%,6.1
2026-09-05,5,134,3.73%,7.9
2026-09-06,7,142,4.93%,6.4
2026-09-07,8,164,4.88%,6.3
2026-09-08,7,190,3.68%,8.9
2026-09-09,10,214,4.67%,6
2026-09-10,5,162,3.09%,5.8
2026-09-11,4,96,4.17%,6.4
2026-09-12,5,187,2.67%,7.2
2026-09-13,8,185,4.32%,4.9
2026-09-14,5,186,2.69%,5.8
2026-09-15,9,209,4.31%,8.8
2026-09-16,7,223,3.14%,11.3
2026-09-17,9,139,6.47%,7.9
2026-09-18,4,105,3.81%,10.3
2026-09-19,9,124,7.26%,10
2026-09-20,7,136,5.15%,7.3
2026-09-21,10,201,4.98%,7.4
2026-09-22,6,180,3.33%,10.7
2026-09-23,2,124,1.61%,9.1
2026-09-24,7,117,5.98%,5.5