Country,Clicks,Impressions,CTR,Position
Saudi Arabia,444,7918,5.61%,6.43
India,13,275,4.73%,7.37
Egypt,10,619,1.62%,6.33
United Arab Emirates,9,535,1.68%,7.19
Bahrain,8,88,9.09%,4.67
Qatar,7,114,6.14%,3.82
Iraq,6,131,4.58%,7.92
Jordan,5,149,3.36%,5.99
United States,3,872,0.34%,7.5
Kuwait,3,86,3.49%,6.63
Turkey,3,46,6.52%,8.57
Philippines,2,209,0.96%,7.11
Singapore,2,83,2.41%,21.23
Yemen,2,67,2.99%,5.67
Spain,2,38,5.26%,6.03
Hong Kong,2,36,5.56%,4.89
China,2,30,6.67%,7.47
United Kingdom,1,308,0.32%,5.11
Malaysia,1,118,0.85%,8.05
Indonesia,1,107,0.93%,11.11
Syria,1,93,1.08%,5.55
Canada,1,86,1.16%,6.67
Oman,1,76,1.32%,5.5
Italy,1,72,1.39%,4.43
Vietnam,1,70,1.43%,13.61
Ethiopia,1,60,1.67%,5.18
Pakistan,1,59,1.69%,6.22
Israel,1,54,1.85%,5.93
Algeria,1,32,3.12%,6.31
Chile,1,11,9.09%,7.09
Peru,1,9,11.11%,5
Panama,1,4,25%,4.5
Afghanistan,1,4,25%,5.5
Bhutan,1,4,25%,5.5
Netherlands,0,264,0%,13.77
Germany,0,159,0%,4.75
Belgium,0,105,0%,39.44
Bangladesh,0,85,0%,5.02
Brazil,0,57,0%,7.79
Lebanon,0,50,0%,3.7
Australia,0,47,0%,6
Romania,0,44,0%,4.95
Morocco,0,38,0%,9.79
Sri Lanka,0,37,0%,3.24
Poland,0,31,0%,5.65
Russia,0,29,0%,4.28
Iran,0,29,0%,8.76
Nigeria,0,29,0%,10.69
Greece,0,27,0%,3.3
Mexico,0,26,0%,9.62
Thailand,0,26,0%,17.42
Nepal,0,25,0%,5.88
Libya,0,23,0%,6.39
Albania,0,22,0%,4.95
Tunisia,0,22,0%,6.14
Portugal,0,22,0%,7.09
France,0,22,0%,15.18
Switzerland,0,20,0%,4.2
South Africa,0,20,0%,5.55
Palestine,0,20,0%,6.3
Argentina,0,20,0%,8.4
Ukraine,0,19,0%,9.32
Bulgaria,0,18,0%,4.72
New Zealand,0,18,0%,10.78
Colombia,0,17,0%,10.65
Czechia,0,16,0%,3.44
Serbia,0,14,0%,3.79
Georgia,0,14,0%,6.5
Kenya,0,12,0%,5.92
Ireland,0,12,0%,7.58
Uganda,0,11,0%,4.09
Austria,0,11,0%,7.82
Tanzania,0,10,0%,4.1
South Korea,0,9,0%,6.56
Rwanda,0,9,0%,6.67
Cyprus,0,8,0%,2.88
Croatia,0,8,0%,3.88
Lithuania,0,8,0%,5.25
Slovakia,0,8,0%,5.88
Hungary,0,8,0%,7.38
Taiwan,0,8,0%,8.38
Japan,0,7,0%,4.86
Dominican Republic,0,7,0%,5.71
Latvia,0,6,0%,3.67
Sudan,0,6,0%,4.67
Cambodia,0,6,0%,5
Ghana,0,6,0%,5.67
Côte d’Ivoire,0,6,0%,6.17
Armenia,0,5,0%,2.8
Malta,0,5,0%,5.2
Sweden,0,5,0%,5.2
Kazakhstan,0,5,0%,6.4
Belarus,0,5,0%,8.2
Denmark,0,5,0%,8.6
Azerbaijan,0,5,0%,8.8
Moldova,0,4,0%,6.5
Macedonia,0,4,0%,6.5
Brunei,0,4,0%,6.75
Ecuador,0,4,0%,8.75
Venezuela,0,4,0%,10.5
Slovenia,0,3,0%,3
Finland,0,3,0%,3.67
Costa Rica,0,3,0%,5
Kosovo,0,3,0%,5.33
Mauritania,0,3,0%,5.67
Bosnia & Herzegovina,0,3,0%,6
Trinidad & Tobago,0,3,0%,7
Turkmenistan,0,3,0%,8
Norway,0,3,0%,14.33
Aruba,0,2,0%,2.5
Estonia,0,2,0%,5
Mongolia,0,2,0%,5
Uruguay,0,2,0%,5.5
Laos,0,2,0%,6
Paraguay,0,2,0%,7.5
Barbados,0,1,0%,1
Gambia,0,1,0%,1
Maldives,0,1,0%,1
Unknown Region,0,1,0%,1
Honduras,0,1,0%,2
Mauritius,0,1,0%,2
El Salvador,0,1,0%,2
British Virgin Islands,0,1,0%,2
Nicaragua,0,1,0%,3
Zambia,0,1,0%,4
Andorra,0,1,0%,5
Benin,0,1,0%,5
Chad,0,1,0%,5
Somalia,0,1,0%,6
Kyrgyzstan,0,1,0%,7
Curaçao,0,1,0%,8
Svalbard & Jan Mayen,0,1,0%,8
Congo - Kinshasa,0,1,0%,9
Belize,0,1,0%,10
Jamaica,0,1,0%,10
Uzbekistan,0,1,0%,10
Grenada,0,1,0%,11
Iceland,0,1,0%,11