Top pages,Clicks,Impressions,CTR,Position
https://hplksa.com/ar,142,2636,5.39%,6.32
https://hplksa.com/en,132,2533,5.21%,5.89
https://hplksa.com/en/hpl-bathroom-partitions-ksa,98,2691,3.64%,5.53
https://hplksa.com/ar/hpl-lockers-ksa,53,1805,2.94%,6.01
https://hplksa.com/en/phenolic-compact-laminate-ksa,52,1439,3.61%,6.58
https://hplksa.com/en/hpl-prices-saudi-arabia-2026,19,480,3.96%,4.34
https://hplksa.com/ar/hpl-bathroom-partitions-ksa,13,343,3.79%,9.8
https://hplksa.com/en/hpl-exterior-cladding-wall-lining-ksa,9,274,3.28%,5.91
https://hplksa.com/en/hpl-vs-mdf-comparison-ksa,8,1462,0.55%,10.5
https://hplksa.com/ar/hpl-partitions-malls-ksa,4,241,1.66%,21.07
https://hplksa.com/en/hpl-lockers-ksa,4,34,11.76%,4.21
https://hplksa.com/en/what-is-hpl-compact-phenolic-guide,3,305,0.98%,8.6
https://hplksa.com/en/difference-between-formica-and-hpl-phenolic,2,484,0.41%,6.85
https://hplksa.com/en/hpl-vs-mdf-vs-marble-comparison-ksa,2,111,1.8%,11.75
https://hplksa.com/ar/phenolic-compact-laminate-ksa,2,15,13.33%,3.07
https://hplksa.com/ar/hpl-partitions-schools-ksa,1,220,0.45%,23.14
https://hplksa.com/ar/blog/hpl-vs-mdf-vs-pvc,1,55,1.82%,7.53
https://hplksa.com/en/blog/why-full-height-hpl-partitions,1,36,2.78%,4.47
https://hplksa.com/ar/hpl-technical-specifications-submittals-ksa,1,18,5.56%,5.5
https://hplksa.com/ar/hpl-vs-mdf-vs-marble-comparison-ksa,1,16,6.25%,6.5
https://hplksa.com/en/hpl-cleaning-maintenance-guide-ksa,1,10,10%,10.2
https://hplksa.com/en/hpl-partitions-offices-ksa,1,6,16.67%,9.5
https://hplksa.com/en/blog/hpl-vs-mdf-vs-pvc,0,81,0%,8.4
https://hplksa.com/ar/hpl-vs-mdf-comparison-ksa,0,73,0%,6.6
https://hplksa.com/en/blog/hpl-vs-ceramic-tiles-wall-cladding,0,42,0%,5.43
https://hplksa.com/ar/blog/why-full-height-hpl-partitions,0,30,0%,4.67
https://hplksa.com/en/blog/how-to-choose-hpl-partition-hardware,0,22,0%,5.95
https://hplksa.com/en/hpl-technical-specifications-submittals-ksa,0,19,0%,5.11
https://hplksa.com/en/blog/antibacterial-hpl-healthcare-facilities,0,13,0%,8.15
https://hplksa.com/ar/difference-between-formica-and-hpl-phenolic,0,12,0%,5.5
https://hplksa.com/en/blog/hpl-lockers-gyms-ksa,0,12,0%,6.33
https://hplksa.com/,0,11,0%,4.36
https://hplksa.com/ar/blog/hpl-vs-ceramic-tiles-wall-cladding,0,10,0%,4.3
https://hplksa.com/ar/what-is-hpl-compact-phenolic-guide,0,10,0%,4.4
https://hplksa.com/ar/hpl-exterior-cladding-wall-lining-ksa,0,10,0%,5.7
https://hplksa.com/ar/hpl-prices-saudi-arabia-2026,0,9,0%,3.11
https://hplksa.com/en/hpl-shower-cubicles-ksa,0,9,0%,5.89
https://hplksa.com/en/hpl-partitions-malls-ksa,0,7,0%,9.14
https://hplksa.com/ar/hpl-partitions-offices-ksa,0,6,0%,8.33
https://hplksa.com/ar/blog/how-to-choose-hpl-partition-hardware,0,6,0%,9.83
https://hplksa.com/ar/hpl-shower-cubicles-ksa,0,3,0%,4.67
https://hplksa.com/ar/blog/antibacterial-hpl-healthcare-facilities,0,3,0%,6
https://hplksa.com/ar/hpl-partitions-hospitals-ksa,0,2,0%,2
https://hplksa.com/en/hpl-partitions-mosques-ksa,0,2,0%,2
https://hplksa.com/ar/hpl-partitions-mosques-ksa,0,2,0%,3
https://hplksa.com/en/hpl-lockers-gyms-ksa,0,2,0%,3
https://hplksa.com/en/blog,0,2,0%,4
https://hplksa.com/ar/hpl-lockers-gyms-ksa,0,2,0%,4.5
https://hplksa.com/ar/hpl-cleaning-maintenance-guide-ksa,0,2,0%,7.5
http://hplksa.com/,0,1,0%,1
https://hplksa.com/en/hpl-partitions-schools-ksa,0,1,0%,1
https://hplksa.com/en/hpl-partitions-hospitals-ksa,0,1,0%,4