Top queries,Clicks,Impressions,CTR,Position
hpl partition,4,200,2%,5.19
قواطع حمامات hpl,3,147,2.04%,6.07
لوكرات,2,289,0.69%,8.89
hpl partition for toilet,2,32,6.25%,3.31
مصنع hpl,2,21,9.52%,2.86
hpl bathroom door,2,4,50%,1.75
phenolic partition supplier in saudi arabia,2,4,50%,3.5
hpl,1,91,1.1%,13.13
phenolic board,1,78,1.28%,17.14
لوكرات مدرسه,1,54,1.85%,5.59
فواصل حمامات hpl,1,49,2.04%,12.88
قواطع hpl,1,46,2.17%,4.72
قواطع الحمامات,1,42,2.38%,25.05
لوكر نادي,1,39,2.56%,6.03
toilet partition supplier in saudi arabia,1,28,3.57%,6.43
hpl compact,1,28,3.57%,10.46
hpl toilet partition,1,27,3.7%,8.26
hpl toilet partitions,1,23,4.35%,2.04
حمامات المولات,1,15,6.67%,4.87
hpl supplier near me,1,7,14.29%,2.86
toilet partition material,1,7,14.29%,5.71
hpl sheet near me,1,6,16.67%,6.83
price,1,3,33.33%,2
hpl toilet cubicle partition,1,3,33.33%,3
compact hpl,1,3,33.33%,18.33
توريد وتركيب,1,2,50%,1
toilet partitions near me,1,2,50%,1.5
hpl toilet partition board price,1,1,100%,1
new basic,1,1,100%,1
اعطيني اسماء الشركات,1,1,100%,1
hpl co,1,1,100%,2
hpl partition suppliers,1,1,100%,2
hpl thickness,1,1,100%,2
pvc cubicle partition,1,1,100%,2
supply and installation,1,1,100%,2
in southern region,1,1,100%,5
hpl vs mdf,0,207,0%,5.22
اللوكرات,0,176,0%,5.53
قواطع حمامات,0,161,0%,18.92
mdf met hpl,0,136,0%,49.54
mdf vs hpl,0,79,0%,5.76
فونوليك,0,70,0%,41.77
panel alignment & finishing in riyadh,0,66,0%,23
فينوليك hpl,0,61,0%,8.41
hpl cladding,0,52,0%,4.96
hpl cubicles,0,34,0%,15.59
hpl bathrooms,0,33,0%,41.06
قواطع حمامات فينوليك,0,28,0%,30.25
سعر قواطع الحمامات الفينوليك,0,28,0%,35.07
فواصل حمامات,0,27,0%,25.78
hpl mdf,0,26,0%,12.5
hpl toilet cubicles,0,26,0%,16.27
hpl partitions,0,25,0%,6.72
phenolic panel market,0,24,0%,60
قواطيع الحمامات,0,23,0%,37.43
حمامات مدارس,0,20,0%,1
فواصل الحمامات,0,20,0%,38.5
toilet cubicles,0,19,0%,8.79
فينوليك,0,19,0%,26.16
phenolic partition,0,19,0%,44.95
لوكر النادي,0,18,0%,5.94
hpl partition thickness,0,18,0%,6.06
phenolic hpl,0,18,0%,6.89
لوكرات نادي,0,16,0%,4.38
حمامات مدرسه,0,15,0%,4.73
hpl bathroom partition,0,13,0%,4.92
mdf hpl,0,13,0%,14.62
فواصل حمام,0,13,0%,30.31
hpl phenolic board,0,12,0%,1.75
hpl bathroom,0,12,0%,4
hpl door for toilet,0,12,0%,10.08
toilet cubicle partition,0,11,0%,3.82
hpl toilet cubicle partitions,0,11,0%,22
hpl حمامات,0,10,0%,2.9
hpl vs formica,0,10,0%,6.2
hpl toilet cubicle,0,10,0%,15.9
hpl wood,0,9,0%,2.89
hpl vs hdf,0,9,0%,3.67
hpl lockers,0,9,0%,4
hpl toilet,0,9,0%,4.44
hpl toilet partition material,0,8,0%,3.62
hpl wall cladding,0,8,0%,3.75
قواطع حمامات فينوليك الدمام,0,8,0%,7.38
formica phenolic,0,8,0%,8.12
phenolic panels,0,8,0%,8.75
hpl density,0,7,0%,1.86
شركة hpl,0,7,0%,2
hpl exterior cladding,0,7,0%,2.43
الواح كومباكت hpl,0,7,0%,3
حمامات hpl,0,7,0%,3.14
compact phenolic board,0,7,0%,4.29
hpl company,0,7,0%,5.71
hpl cubicle partition,0,7,0%,6.71
formica phenolic panels,0,7,0%,9.14
phenolic wall,0,7,0%,10.29
نعم,0,6,0%,2.5
hdf vs hpl,0,6,0%,4.5
hpl stand for,0,6,0%,9.67
hpl vs plywood,0,6,0%,60.67
compact hpl panels,0,5,0%,3.8
phenolic board supplier near me,0,5,0%,4.6
hpl partition wall,0,5,0%,8.6
الفرق بين hpl و mdf,0,5,0%,8.8
high pressure laminate phenolic board,0,4,0%,1
hpl للحمامات,0,4,0%,1.5
hpl door price,0,4,0%,2.75
toilet partition wall thickness in mm,0,4,0%,2.75
hpl toilet door,0,4,0%,3
phenolic partition supplier,0,4,0%,4.5
solid phenolic panels,0,4,0%,7.75
bathroom partition material,0,4,0%,8
bathroom partition,0,4,0%,8.25
hpl on mdf,0,4,0%,8.25
قواطع حمام,0,4,0%,9.5
hpl cubicle,0,4,0%,12.25
شركة acc للمقاولات في السعودية,0,3,0%,1
hpl system,0,3,0%,2
phenolic compact board,0,3,0%,2
toilet partition panels,0,3,0%,2.33
hpl supplier,0,3,0%,3
hpl accessories,0,3,0%,3.33
cubicle toilet partition,0,3,0%,3.67
toilet cubicle partition material,0,3,0%,3.67
hpl cladding panels,0,3,0%,4.33
price in ksa,0,3,0%,4.33
hpl stands for,0,3,0%,5
hpl marbel,0,3,0%,5.33
finish hpl,0,3,0%,6
hpl solutions,0,3,0%,7.33
فينوليك حمامات,0,3,0%,9.33
اللوكر في الجيم,0,3,0%,10
bahan mdf vs hpl,0,3,0%,12
قواطع حمامات فينوليك الرياض,0,3,0%,13.67
toilet partitions,0,3,0%,14.67
قواطع كومباكت,0,3,0%,14.67
toilet partition,0,3,0%,16
hpl partition full form,0,3,0%,17.33
قواطيع حمامات وأسطح عمل,0,3,0%,29.33
cubicles toilet,0,3,0%,30.33
supplier toilet partition,0,3,0%,33.67
high pressure laminate toilet partitions,0,3,0%,34.33
hpl vs phenolic,0,2,0%,1
أماكن بيع خشب hpl,0,2,0%,1
السعر التقريبي,0,2,0%,1.5
شركة,0,2,0%,1.5
لوكرات جيم,0,2,0%,1.5
formica,0,2,0%,2.5
hpl clading,0,2,0%,2.5
hpl marble,0,2,0%,2.5
hpl sheet shop near me,0,2,0%,2.5
toilet cubicle partition near me,0,2,0%,2.5
"hpl] l,sn",0,2,0%,3
phenolic plywood near me,0,2,0%,3
solid phenolic board,0,2,0%,3
bathroom cubicles,0,2,0%,3.5
phenolic toilet cubicles,0,2,0%,3.5
قواطيع حمامات hpl,0,2,0%,3.5
حمامات المدارس,0,2,0%,4
كم السعر,0,2,0%,4
phenolic panel,0,2,0%,5.5
لوكر مدارس,0,2,0%,5.5
hpl finishing,0,2,0%,6
pvc bathroom partitions,0,2,0%,6
toilet partition supplier near me,0,2,0%,6
toilet phenolic partition,0,2,0%,6
اتش بي ال,0,2,0%,6
لوكر تخزين,0,2,0%,6
hpl wc,0,2,0%,6.5
حمامات المدرسة,0,2,0%,6.5
فواصل حمامات كومباكت,0,2,0%,7
hpl c,0,2,0%,7.5
phenolic boards,0,2,0%,9
hpl doors for bathroom,0,2,0%,9.5
الواح كومباكت,0,2,0%,10.5
لوكر,0,2,0%,13.5
ابواب فينوليك,0,2,0%,15.5
formica compact phenolic,0,2,0%,30
toilets cubicles,0,2,0%,32
قواطيع حمامات hpl بيكوك,0,2,0%,32
ohpl,0,2,0%,38
hpl vs mfc,0,2,0%,59
bawadi jeddah,0,1,0%,1
can formica be used outdoors,0,1,0%,1
ceiling feature,0,1,0%,1
compact panel,0,1,0%,1
contact details,0,1,0%,1
formika hpl,0,1,0%,1
give me suppliers,0,1,0%,1
how much it cost,0,1,0%,1
hpl board price,0,1,0%,1
hpl outdoor,0,1,0%,1
hpl price,0,1,0%,1
hpl sheet price near me,0,1,0%,1
hpl sheet thickness,0,1,0%,1
hpl waterproof,0,1,0%,1
"hpl] ps,k",0,1,0%,1
in sar,0,1,0%,1
is hpl waterproof,0,1,0%,1
list the top 5,0,1,0%,1
material ni,0,1,0%,1
mdf uv,0,1,0%,1
phenolic door,0,1,0%,1
phenolic resin countertops near me,0,1,0%,1
phenolic size,0,1,0%,1
plywood sheet,0,1,0%,1
plywood sheets near me,0,1,0%,1
rate in ksa,0,1,0%,1
si,0,1,0%,1
timber wood,0,1,0%,1
toilet cubicle system,0,1,0%,1
toilet partition thickness,0,1,0%,1
washroom partitions,0,1,0%,1
what should i attach,0,1,0%,1
ашпиэль панели,0,1,0%,1
איזה חומרים הכי עמידים לשידת איפור שמקבלת מים ואיפור כל יום,0,1,0%,1
ابواب خارجيه,0,1,0%,1
الفينوليك,0,1,0%,1
اللوكر,0,1,0%,1
المصانع,0,1,0%,1
اين ممكن ان اجدها,0,1,0%,1
لونه اخضر,0,1,0%,1
منفذين,0,1,0%,1
acc (arabian construction company),0,1,0%,2
bullet list,0,1,0%,2
door material,0,1,0%,2
en mm?,0,1,0%,2
external,0,1,0%,2
finolic,0,1,0%,2
h p l,0,1,0%,2
high pressure laminate,0,1,0%,2
hpc?,0,1,0%,2
hpl construction,0,1,0%,2
hpl contact number,0,1,0%,2
hpl dealer near me,0,1,0%,2
hpl interior wall cladding,0,1,0%,2
hpl material,0,1,0%,2
hpl meubelplaat,0,1,0%,2
hpl official website,0,1,0%,2
hpl sheet available near me,0,1,0%,2
la mp,0,1,0%,2
more 20,0,1,0%,2
need picture,0,1,0%,2
plywood for bed,0,1,0%,2
pre made,0,1,0%,2
sq mtr,0,1,0%,2
thickness,0,1,0%,2
toilet hpl partition,0,1,0%,2
wat is hpl,0,1,0%,2
what are hpl sheets,0,1,0%,2
what is hpl wood,0,1,0%,2
мдф,0,1,0%,2
الاسعار,0,1,0%,2
الرياض,0,1,0%,2
السعر في الرياض,0,1,0%,2
الماني,0,1,0%,2
تحليل سعر,0,1,0%,2
خشب pvc,0,1,0%,2
شراء جديد,0,1,0%,2
قارن السعر,0,1,0%,2
كم اسعارها,0,1,0%,2
للحمامات,0,1,0%,2
لوكر الجامعه,0,1,0%,2
لوكر جامعة,0,1,0%,2
لوكرات خزائن,0,1,0%,2
من قوقل,0,1,0%,2
نوعه,0,1,0%,2
best hpl sheet brand,0,1,0%,3
high presure laminate,0,1,0%,3
hpl board for toilet,0,1,0%,3
hpl distributor near me,0,1,0%,3
hpl laminate,0,1,0%,3
hpl sheet,0,1,0%,3
hpl work near me,0,1,0%,3
hpl] u.,0,1,0%,3
phenolic compact laminate,0,1,0%,3
supplier,0,1,0%,3
tablero hpl precio,0,1,0%,3
toilet cubicle partition details,0,1,0%,3
what about formica,0,1,0%,3
перепроверь себя,0,1,0%,3
اين يباع في الرياض,0,1,0%,3
سعر المتر المربع,0,1,0%,3
طبرجل,0,1,0%,3
عيوب خشب hpl,0,1,0%,3
كم الاسعار,0,1,0%,3
معنى لوكرات,0,1,0%,3
arabian construction company (acc),0,1,0%,4
bathroom partition board,0,1,0%,4
cubicles bathroom,0,1,0%,4
heat,0,1,0%,4
hpl contact,0,1,0%,4
hpl steel,0,1,0%,4
hpl?,0,1,0%,4
plywood,0,1,0%,4
standard dimensions,0,1,0%,4
toilet cubicle partitions,0,1,0%,4
السعودية,0,1,0%,4
الواح,0,1,0%,4
تجليد hpl,0,1,0%,4
خشب hpl,0,1,0%,4
شراء,0,1,0%,4
شركة acc للمقاولات,0,1,0%,4
صور,0,1,0%,4
فى الرياض,0,1,0%,4
نوع الماده,0,1,0%,4
3/4 phenolic board price,0,1,0%,5
hpl seat,0,1,0%,5
wc cubicle partition,0,1,0%,5
ارقام التواصل,0,1,0%,5
الاسعار في الرياض,0,1,0%,5
في الرياض,0,1,0%,5
كم تكلفة المصنع,0,1,0%,5
مورد,0,1,0%,5
hpl exterior,0,1,0%,6
hpl saudi arabia,0,1,0%,6
hpl shop near me,0,1,0%,6
in ksa,0,1,0%,6
internal wall lining ksa,0,1,0%,6
mdf partition,0,1,0%,6
sheet price,0,1,0%,6
toilets partitions,0,1,0%,6
wc partition,0,1,0%,6
أماكن البيع في السعودية,0,1,0%,6
السعر,0,1,0%,6
ايش نوعها,0,1,0%,6
شركات,0,1,0%,6
في جده,0,1,0%,6
مصانع بالرياض,0,1,0%,6
ผนังกั้นห้องน้ำ,0,1,0%,6
cladding hpl,0,1,0%,7
cubicles partitions,0,1,0%,7
hpl details,0,1,0%,7
"hpl] l,sd",0,1,0%,7
m,0,1,0%,7
phenolic board near me,0,1,0%,7
suppliers in dammam,0,1,0%,7
washroom panel,0,1,0%,7
what is hpl,0,1,0%,7
سعر,0,1,0%,7
سعره,0,1,0%,7
لوكير,0,1,0%,7
مشروع حكومي,0,1,0%,7
مقاول في جدة,0,1,0%,7
مواد,0,1,0%,7
compact board,0,1,0%,8
hpl wall,0,1,0%,8
partition cubicles,0,1,0%,8
toilet compartments,0,1,0%,8
ابواب اتش بي ال,0,1,0%,8
الكومباكت,0,1,0%,8
خشب كومباكت,0,1,0%,8
قاطع حمام,0,1,0%,8
كبائن حمامات hpl,0,1,0%,9
منشأة طبية,0,1,0%,9
hpl 13mm,0,1,0%,10
hpl price list 2026,0,1,0%,10
partition toilet,0,1,0%,10
phenolic wall panels,0,1,0%,10
toilet panel,0,1,0%,10
تزويدي,0,1,0%,10
hpl] phjl,0,1,0%,11
mdf dan hpl bagus mana,0,1,0%,11
phenolic interior wall paneling,0,1,0%,11
hpl],0,1,0%,12
ماهو hpl,0,1,0%,12
laminate suppliers,0,1,0%,13
صنع,0,1,0%,13
hpl kompakt panel,0,1,0%,16
hpl pstt,0,1,0%,17
hpl toilet partition board,0,1,0%,17
لوكر مدرسه,0,1,0%,19
بارتشن حمامات,0,1,0%,20
قواطع فينوليك,0,1,0%,22
phenolic wood panels,0,1,0%,23
phenolic price,0,1,0%,25
toilet partitions supplier,0,1,0%,32
ألواح hpl,0,1,0%,33
shower partitions,0,1,0%,35
toilet wall partitions,0,1,0%,38
مقاولات,0,1,0%,41
phenolic resin plywood near me,0,1,0%,47
hpl vs hdpe,0,1,0%,52
hpl shower panels,0,1,0%,96